{
    "wing" : {
        "planform" : {
            "type" : "tapered",
            "type_options" : [["elliptic: (requires aspect_ratio)"],
                            ["tapered: (requires aspect_ratio and taper_ratio)"]],
            "aspect_ratio" : 8.0,
            "taper_ratio" : 0.5
        },
        "airfoil_lift_slope" : 6.283185307179590,
        "nodes_per_semispan" : 50
    },
    "condition" : {
        "alpha_root[deg]" : 5.0
    },
    "view" : {
        "planform" : true
    }
}